[
    {
        "Author": "Det",
        "Name": "Auto Hook",
        "InternalName": "AutoHook",
        "AssemblyVersion": "1.0.0.0",
        "Description": "Hooks for you",
        "ApplicableVersion": "any",
        "RepoUrl": "https://github.com/InitialDet/AutoHook",
        "Tags": [
            "fishing"
        ],
        "DalamudApiLevel": 5,
        "LoadPriority": 0,
        "Punchline": "Auto Hook",
        "DownloadLinkInstall": "https://raw.githubusercontent.com/InitialDet/DalamudPlugins/master/AutoHook/latest.zip",
        "DownloadLinkTesting": "https://raw.githubusercontent.com/InitialDet/DalamudPlugins/master/AutoHook/latest.zip",
        "DownloadLinkUpdate": "https://raw.githubusercontent.com/InitialDet/DalamudPlugins/master/AutoHook/latest.zip",
        "IsHide": false,
        "IsTestingExclusive": false,
        "LastUpdated": "1642128030"
    }
]