{
  "Disabled": true,
  "Testing": false,
  "InstalledFromUrl": null,
  "IsThirdParty": false,
  "Author": "Det",
  "Name": "Target Furniture",
  "Punchline": null,
  "Description": "Adds a option that lets you select a housing item from the housing menu",
  "Changelog": null,
  "Tags": [
    "housing"
  ],
  "CategoryTags": null,
  "IsHide": false,
  "InternalName": "TargetFurniture",
  "AssemblyVersion": "1.0.0.0",
  "TestingAssemblyVersion": null,
  "IsTestingExclusive": false,
  "RepoUrl": null,
  "ApplicableVersion": "any",
  "DalamudApiLevel": 5,
  "DownloadCount": 0,
  "LastUpdate": 0,
  "DownloadLinkInstall": null,
  "DownloadLinkUpdate": null,
  "DownloadLinkTesting": null,
  "LoadPriority": 0,
  "ImageUrls": null,
  "IconUrl": null,
  "AcceptsFeedback": true,
  "FeedbackMessage": null,
  "FeedbackWebhook": null
}